blue,orange,green,yellow,red
1.0,0.6752792988723263,0.7172457612328216,0.6122459718459596,0.6505083730459175
0.6752792988723263,1.0,0.6808805223523473,0.6847245996318607,0.749800758803909
0.7172457612328216,0.6808805223523473,1.0,0.784401346932911,0.8562572558436827
0.6122459718459596,0.6847245996318607,0.784401346932911,1.0,0.9098722835514197
0.6505083730459175,0.749800758803909,0.8562572558436827,0.9098722835514197,1.0
